strain,insertion: 14bp @ ref pos 0,insertion: 25bp @ ref pos 29864
MT350282/BRA/SP02cc/2020-03-18,ATTAAAGGTTTATA,AAAAAAAAAAAAAAAAAAAAAAAAA
MT470177/France/10070SK/2020-03-15,ATTAAAGGTTTATA,AAAAAAAAAAAAAAAAAAAAAAAAA
MT358639/DEU/FFM3/2020-02-20,ATTAAAGGTTTATA,AAAAAAAAAAAAAAAAAAAAAAAAA
MT466071/URY/Mdeo-1/2020-03-13,ATTAAAGGTTTATA,AAAAAAAAAAAAAAAAAAAAAAAAA
MT434808/USA/NY-CDC-SURV0982NYC/2020-03-19,ATTAAAGGTTTATA,AAAA
MT434809/USA/NY-CDC-SURV0983NYC/2020-03-19,ATTAAAGGTTTATA,AAAA
MT531537/ITA/Siena-1/2020-03-01,TAAAGGTTTATA,AAAAAAAAAAAAAAAAAAAAAAAAA
MT632947/USA/WA-S542/2020-03-23,ATA,
MT633004/USA/WA-S546/2020-03-23,A,
MT499220/TUN/COV1482/2020-03-31,TA,
